Area,Year,Quarter,Overall_hpi,Overall_YoY,Low_hpi,Low_YoY,Mid_hpi,Mid_YoY,High_hpi,High_YoY
"Amarillo",2004,1,100.000000000,,,,,,,
"Amarillo",2004,2,97.071497939,,,,,,,
"Amarillo",2004,3,99.666882322,,,,,,,
"Amarillo",2004,4,99.492635413,,,,,,,
"Amarillo",2005,1,99.395510108,-0.006044898,,,,,,
"Amarillo",2005,2,102.715065334,0.058138253,,,,,,
"Amarillo",2005,3,103.870857393,0.042180260,,,,,,
"Amarillo",2005,4,105.443224026,0.059809337,,,,,,
"Amarillo",2006,1,105.698585915,0.063414089,,,,,,
"Amarillo",2006,2,108.777685298,0.059023668,,,,,,
"Amarillo",2006,3,107.576176091,0.035672360,,,,,,
"Amarillo",2006,4,108.194100055,0.026088694,,,,,,
"Amarillo",2007,1,110.445822699,0.044912963,,,,,,
"Amarillo",2007,2,112.242476406,0.031852039,,,,,,
"Amarillo",2007,3,112.052528802,0.041611004,,,,,,
"Amarillo",2007,4,109.439070025,0.011506819,,,,,,
"Amarillo",2008,1,109.253828134,-0.010792572,,,,,,
"Amarillo",2008,2,110.631952930,-0.014348609,,,,,,
"Amarillo",2008,3,113.528876809,0.013175499,,,,,,
"Amarillo",2008,4,111.399147977,0.017910221,,,,,,
"Amarillo",2009,1,107.170684483,-0.019067008,,,,,,
"Amarillo",2009,2,109.118361405,-0.013681323,,,,,,
"Amarillo",2009,3,111.285429003,-0.019761032,,,,,,
"Amarillo",2009,4,111.248839211,-0.001349281,,,,,,
"Amarillo",2010,1,109.530223361,0.022016644,,,,,,
"Amarillo",2010,2,111.646437325,0.023168199,,,,,,
"Amarillo",2010,3,110.930630742,-0.003188182,,,,,,
"Amarillo",2010,4,109.977204837,-0.011430540,,,,,,
"Amarillo",2011,1,110.502896156,0.008880405,,,,,,
"Amarillo",2011,2,110.553436416,-0.009789841,,,,,,
"Amarillo",2011,3,111.292761469,0.003264479,,,,,,
"Amarillo",2011,4,109.935815168,-0.000376347,,,,,,
"Amarillo",2012,1,110.470129770,-0.000296520,,,,,,
"Amarillo",2012,2,113.155734632,0.023538827,,,,,,
"Amarillo",2012,3,113.098973894,0.016229379,,,,,,
"Amarillo",2012,4,112.919538153,0.027140590,,,,,,
"Amarillo",2013,1,114.058333856,0.032481215,,,,,,
"Amarillo",2013,2,115.520888506,0.020901758,,,,,,
"Amarillo",2013,3,115.618434976,0.022276604,,,,,,
"Amarillo",2013,4,115.713668407,0.024744435,,,,,,
"Amarillo",2014,1,115.639432068,0.013862189,,,,,,
"Amarillo",2014,2,119.450292673,0.034014663,,,,,,
"Amarillo",2014,3,119.449289707,0.033133597,,,,,,
"Amarillo",2014,4,118.275970420,0.022143468,,,,,,
"Amarillo",2015,1,119.526822753,0.033616480,,,,,,
"Amarillo",2015,2,122.276652202,0.023661386,,,,,,
"Amarillo",2015,3,122.552480103,0.025979144,,,,,,
"Amarillo",2015,4,122.752349384,0.037846901,,,,,,
"Amarillo",2016,1,123.870243525,0.036338460,,,,,,
"Amarillo",2016,2,126.660317269,0.035850385,,,,,,
"Amarillo",2016,3,127.627100928,0.041407736,,,,,,
"Amarillo",2016,4,126.848281343,0.033367442,,,,,,
"Amarillo",2017,1,127.864973398,0.032249309,,,,,,
"Amarillo",2017,2,129.080410985,0.019106960,,,,,,
"Amarillo",2017,3,130.506122408,0.022558073,,,,,,
"Amarillo",2017,4,130.729351245,0.030596156,,,,,,
"Amarillo",2018,1,130.083099578,0.017347410,,,,,,
"Amarillo",2018,2,131.654477271,0.019941571,,,,,,
"Amarillo",2018,3,131.704604837,0.009183342,,,,,,
"Amarillo",2018,4,130.557666531,-0.001313283,,,,,,
"Amarillo",2019,1,131.630969066,0.011899082,,,,,,
"Amarillo",2019,2,135.375878484,0.028266423,,,,,,
"Amarillo",2019,3,136.026894598,0.032818061,,,,,,
"Amarillo",2019,4,135.577020462,0.038445493,,,,,,
"Amarillo",2020,1,136.830903438,0.039503882,,,,,,
"Amarillo",2020,2,139.044494161,0.027099478,,,,,,
"Amarillo",2020,3,142.502571232,0.047605855,,,,,,
"Amarillo",2020,4,144.365942268,0.064826043,,,,,,
"Amarillo",2021,1,148.172619550,0.082888556,,,,,,
"Amarillo",2021,2,156.883567480,0.128297588,,,,,,
"Amarillo",2021,3,161.629062952,0.134218572,,,,,,
"Amarillo",2021,4,163.899164033,0.135303531,,,,,,
"Amarillo",2022,1,170.097395370,0.147967795,,,,,,
"Amarillo",2022,2,175.975579887,0.121695424,,,,,,
"Amarillo",2022,3,175.740501484,0.087307556,,,,,,
"Amarillo",2022,4,175.575076206,0.071238387,,,,,,
"Amarillo",2023,1,177.892933492,0.045829850,,,,,,
"Austin-Round Rock",1999,1,100.000000000,,100.000000000,,100.000000000,,100.000000000,
"Austin-Round Rock",1999,2,104.846881422,,109.622811842,,101.616020374,,102.756789694,
"Austin-Round Rock",1999,3,105.434595432,,105.769334429,,106.051194459,,104.367575439,
"Austin-Round Rock",1999,4,108.079465473,,113.290222474,,103.821997011,,105.979479185,
"Austin-Round Rock",2000,1,113.253782573,0.132537825,112.606895901,0.126068959,111.522931617,0.115229316,113.985756504,0.139857565
"Austin-Round Rock",2000,2,117.685797765,0.122453964,120.786196102,0.101834500,114.068205555,0.122541555,116.976981451,0.138386882
"Austin-Round Rock",2000,3,123.688632192,0.173131377,124.637376831,0.178388589,119.339560136,0.125301423,124.859924843,0.196347853
"Austin-Round Rock",2000,4,123.422890948,0.141964298,125.170900498,0.104869403,121.062845023,0.166061610,122.746722099,0.158212165
"Austin-Round Rock",2001,1,128.394937322,0.133692265,130.655666416,0.160281218,126.694567784,0.136040507,126.645692701,0.111065948
"Austin-Round Rock",2001,2,129.842853229,0.103300956,136.642221162,0.131273486,125.603112281,0.101122891,126.746146709,0.083513569
"Austin-Round Rock",2001,3,127.822056523,0.033417980,135.266205984,0.085278023,124.619740248,0.044245010,123.852896036,-0.008065268
"Austin-Round Rock",2001,4,124.668940109,0.010095770,132.611734155,0.059445395,124.110815932,0.025176765,118.781831041,-0.032301400
"Austin-Round Rock",2002,1,126.133019651,-0.017616875,133.802578511,0.024085538,127.243437347,0.004332226,118.916089125,-0.061033292
"Austin-Round Rock",2002,2,125.970064707,-0.029826736,133.318837097,-0.024321794,123.404209337,-0.017506755,121.290869102,-0.043040974
"Austin-Round Rock",2002,3,126.752392372,-0.008368384,132.267763935,-0.022166970,126.125144077,0.012079978,122.192052611,-0.013409806
"Austin-Round Rock",2002,4,124.462592667,-0.001655163,129.858021129,-0.020765228,123.504688204,-0.004883762,120.722222225,0.016335757
"Austin-Round Rock",2003,1,123.184227085,-0.023378434,128.326469543,-0.040926782,122.141615708,-0.040094968,119.955800234,0.008743233
"Austin-Round Rock",2003,2,122.448194984,-0.027957989,130.173737103,-0.023590814,119.894517168,-0.028440619,117.564280561,-0.030724394
"Austin-Round Rock",2003,3,121.543978343,-0.041091248,127.498589017,-0.036056970,119.849192280,-0.049759719,117.097329808,-0.041694387
"Austin-Round Rock",2003,4,119.490415386,-0.039949170,123.450184239,-0.049344944,117.355989913,-0.049785140,117.038333382,-0.030515416
"Austin-Round Rock",2004,1,120.265135727,-0.023696957,122.890408478,-0.042361183,119.811778015,-0.019074888,117.964921226,-0.016596771
"Austin-Round Rock",2004,2,123.857168739,0.011506692,128.956355344,-0.009351976,121.622249618,0.014410437,121.044236963,0.029600456
"Austin-Round Rock",2004,3,123.630770227,0.017169027,128.912033049,0.011085958,120.574786068,0.006054223,121.447496119,0.037150004
"Austin-Round Rock",2004,4,124.051593359,0.038171914,127.089144060,0.029477151,121.948825985,0.039135932,122.336256323,0.045266561
"Austin-Round Rock",2005,1,127.005395269,0.056045000,130.689386325,0.063462868,122.808742507,0.025013938,126.108272219,0.069031970
"Austin-Round Rock",2005,2,128.155423600,0.034703319,131.534802827,0.019994729,125.288243219,0.030142458,127.019601699,0.049365132
"Austin-Round Rock",2005,3,130.280666106,0.053788355,133.664064158,0.036862587,126.693518420,0.050746367,130.366757849,0.073441297
"Austin-Round Rock",2005,4,132.641759306,0.069246719,136.323724109,0.072662225,129.648894409,0.063141800,130.921915252,0.070180821
"Austin-Round Rock",2006,1,135.261159947,0.065003259,137.694156453,0.053598615,131.547800613,0.071159902,135.418447937,0.073826843
"Austin-Round Rock",2006,2,138.611233151,0.081586945,141.784636294,0.077924878,135.118869490,0.078464076,138.274340257,0.088606312
"Austin-Round Rock",2006,3,140.822322605,0.080914972,142.935983649,0.069367331,136.655114412,0.078627510,142.028183550,0.089450914
"Austin-Round Rock",2006,4,142.470035557,0.074096395,145.620475524,0.068196137,139.942256822,0.079394139,141.397544666,0.080014330
"Austin-Round Rock",2007,1,144.733509123,0.070030075,148.347081191,0.077366571,142.323781203,0.081916843,142.683800524,0.053651128
"Austin-Round Rock",2007,2,147.634494159,0.065097617,151.163441767,0.066148249,143.333482165,0.060795451,147.844709973,0.069212911
"Austin-Round Rock",2007,3,149.168652795,0.059268516,152.575004315,0.067435927,146.108431529,0.069176460,149.103395559,0.049815549
"Austin-Round Rock",2007,4,147.819065527,0.037544947,153.173821050,0.051870078,145.264793359,0.038033805,144.707945065,0.023412007
"Austin-Round Rock",2008,1,147.382041424,0.018299371,151.908595183,0.024007981,146.374208841,0.028459246,143.358495389,0.004728601
"Austin-Round Rock",2008,2,149.901419488,0.015354984,157.054027351,0.038968321,145.770457079,0.017002132,147.487741601,-0.002414481
"Austin-Round Rock",2008,3,147.965574441,-0.008065222,151.813236459,-0.004992743,145.602495514,-0.003462743,146.494597190,-0.017496572
"Austin-Round Rock",2008,4,143.348736403,-0.030241898,148.173718889,-0.032643320,139.421343697,-0.040226193,142.098751703,-0.018030754
"Austin-Round Rock",2009,1,142.240847351,-0.034883449,149.981594208,-0.012685266,137.530718497,-0.060416998,139.480459854,-0.027051313
"Austin-Round Rock",2009,2,144.521282001,-0.035891171,151.918183077,-0.032701130,140.871774069,-0.033605458,140.768986774,-0.045554666
"Austin-Round Rock",2009,3,144.148107043,-0.025799699,151.874453899,0.000403241,142.282403128,-0.022802441,139.346519943,-0.048794135
"Austin-Round Rock",2009,4,143.862151684,0.003581582,150.825784552,0.017898353,142.487346695,0.021990915,138.471983120,-0.025522874
"Austin-Round Rock",2010,1,143.494697693,0.008814980,150.667569321,0.004573728,142.203963150,0.033979642,138.809113964,-0.004813189
"Austin-Round Rock",2010,2,144.612639644,0.000632139,151.151320298,-0.005047866,142.445701397,0.011172765,140.421869735,-0.002465863
"Austin-Round Rock",2010,3,141.820691211,-0.016146003,145.194481448,-0.043983515,139.693319152,-0.018196796,140.262843797,0.006575864
"Austin-Round Rock",2010,4,138.680084193,-0.036021062,142.916777307,-0.052438031,136.093473770,-0.044873268,137.090748284,-0.009974832
"Austin-Round Rock",2011,1,140.408820405,-0.021505165,143.699367772,-0.046248848,137.716184211,-0.031558747,139.098355422,0.002083735
"Austin-Round Rock",2011,2,141.542122632,-0.021232701,145.003457756,-0.040673561,138.576876601,-0.027159996,140.834249756,0.002936722
"Austin-Round Rock",2011,3,142.431051645,0.004303747,146.815266074,0.011162852,140.047217341,0.002533393,140.720426235,0.003262321
"Austin-Round Rock",2011,4,142.968754000,0.030924914,147.096807512,0.029248002,140.102965813,0.029461310,141.250457514,0.030342742
"Austin-Round Rock",2012,1,144.823946642,0.031444792,148.937122831,0.036449395,142.036237880,0.031369251,142.903214371,0.027353730
"Austin-Round Rock",2012,2,148.172614422,0.046844654,151.741675655,0.046469360,145.308046889,0.048573545,146.853707790,0.042741435
"Austin-Round Rock",2012,3,149.587364927,0.050244052,153.726229179,0.047072510,146.849693022,0.048572730,148.061467225,0.052167557
"Austin-Round Rock",2012,4,150.277465050,0.051121037,153.852561520,0.045927264,147.587690998,0.053423031,148.524383708,0.051496655
"Austin-Round Rock",2013,1,154.763314855,0.068630695,160.128580078,0.075142160,151.582380487,0.067209204,151.899511442,0.062953776
"Austin-Round Rock",2013,2,160.859325010,0.085621156,164.958998466,0.087104104,158.198715482,0.088712696,158.416237325,0.078735019
"Austin-Round Rock",2013,3,163.851315240,0.095355315,169.449903747,0.102283615,160.140475998,0.090506031,161.270368428,0.089212280
"Austin-Round Rock",2013,4,165.167301489,0.099082297,170.730909373,0.109704691,161.356521206,0.093292537,162.502038602,0.094110169
"Austin-Round Rock",2014,1,169.629445325,0.096057198,175.242945536,0.094388930,166.908494120,0.101107487,165.953905573,0.092524287
"Austin-Round Rock",2014,2,176.453420103,0.096942437,184.643678141,0.119330741,172.907336884,0.092975605,171.427647048,0.082134318
"Austin-Round Rock",2014,3,179.262747635,0.094057422,188.221586599,0.110780132,176.481779798,0.102043557,172.746024263,0.071157869
"Austin-Round Rock",2014,4,179.480790433,0.086660548,189.754864722,0.111426544,176.089443934,0.091306645,172.007313399,0.058493264
"Austin-Round Rock",2015,1,184.146878799,0.085583216,194.695227330,0.111001796,182.611503391,0.094081546,175.174387278,0.055560498
"Austin-Round Rock",2015,2,190.838054198,0.081520857,204.869073701,0.109537438,187.409910701,0.083874831,180.812822140,0.054747149
"Austin-Round Rock",2015,3,192.182337584,0.072070690,206.863373035,0.099041702,189.351116877,0.072921618,180.031391440,0.042173863
"Austin-Round Rock",2015,4,192.044359832,0.069999521,208.847488449,0.100617308,188.427719395,0.070068228,179.492668595,0.043517656
"Austin-Round Rock",2016,1,197.720185204,0.073709130,215.153833353,0.105080161,194.298297009,0.063998123,184.136103844,0.051158829
"Austin-Round Rock",2016,2,202.831933417,0.062848467,220.964729300,0.078565570,200.384536592,0.069231268,189.038685910,0.045493807
"Austin-Round Rock",2016,3,204.333954282,0.063229622,224.661447329,0.086037823,200.271998935,0.057675297,189.514461220,0.052674534
"Austin-Round Rock",2016,4,204.343913999,0.064045380,226.840461141,0.086153646,201.147576301,0.067505231,186.845224695,0.040962988
"Austin-Round Rock",2017,1,207.773996205,0.050848682,229.850038041,0.068305567,204.460314153,0.052301112,189.817276794,0.030853118
"Austin-Round Rock",2017,2,211.909886793,0.044756036,235.856827520,0.067395815,209.171776282,0.043851885,193.465208555,0.023415961
"Austin-Round Rock",2017,3,213.116385871,0.042980774,237.577871272,0.057492836,209.226048420,0.044709442,194.274515083,0.025117100
"Austin-Round Rock",2017,4,211.898576475,0.036970332,237.361959876,0.046382813,207.843946852,0.033290833,192.300738568,0.029198037
"Austin-Round Rock",2018,1,215.016008715,0.034855240,241.552216718,0.050912232,209.793461967,0.026084024,196.213354299,0.033695971
"Austin-Round Rock",2018,2,220.657138001,0.041278164,245.976932575,0.042907831,218.593808001,0.045044469,201.935026937,0.043779542
"Austin-Round Rock",2018,3,219.902279727,0.031841258,246.659269058,0.038224931,216.916858668,0.036758378,199.920187807,0.029060284
"Austin-Round Rock",2018,4,219.529039342,0.036009977,247.461642615,0.042549710,215.005231997,0.034455105,199.491565611,0.037393652
"Austin-Round Rock",2019,1,223.405985630,0.039020243,250.961394879,0.038952977,217.235850158,0.035474833,203.670214229,0.038003834
"Austin-Round Rock",2019,2,229.075772570,0.038152559,254.996167352,0.036666994,225.842506190,0.033160583,210.283198682,0.041340880
"Austin-Round Rock",2019,3,229.984475568,0.045848528,256.500673809,0.039898783,225.246212929,0.038398833,211.167508751,0.056259055
"Austin-Round Rock",2019,4,231.290787066,0.053577183,257.614712516,0.041028863,225.648058453,0.049500313,212.283238083,0.064121369
"Austin-Round Rock",2020,1,237.630297316,0.063670235,262.739276551,0.046931049,234.451817300,0.079250119,216.992305154,0.065410109
"Austin-Round Rock",2020,2,242.700884811,0.059478626,270.142668612,0.059398936,239.015211951,0.058326955,221.959004650,0.055524198
"Austin-Round Rock",2020,3,250.359622541,0.088593575,279.267429319,0.088759047,245.417295017,0.089551259,230.275302501,0.090486428
"Austin-Round Rock",2020,4,261.643007169,0.131229697,290.437968787,0.127412196,257.533262416,0.141305022,240.489802958,0.132872313
"Austin-Round Rock",2021,1,296.652553220,0.248378496,327.344496910,0.245890988,294.522711830,0.256218506,272.231306476,0.254566636
"Austin-Round Rock",2021,2,337.434615143,0.390331211,375.480564478,0.389934312,334.258354932,0.398481511,307.887409197,0.387136375
"Austin-Round Rock",2021,3,346.430019916,0.383729598,391.427414596,0.401622149,343.048287312,0.397816267,312.083046750,0.355260609
"Austin-Round Rock",2021,4,353.400026677,0.350695478,399.430979457,0.375271219,346.026498032,0.343618664,321.303222678,0.336036782
"Austin-Round Rock",2022,1,380.760053895,0.283521917,432.305786974,0.320644736,371.721209710,0.262113904,344.341190999,0.264884613
"Austin-Round Rock",2022,2,401.859023147,0.190924123,461.674680206,0.229556797,396.081391187,0.184955844,356.017376173,0.156323271
"Austin-Round Rock",2022,3,375.002112146,0.082475797,427.427851749,0.091972191,366.488817233,0.068330117,338.587315847,0.084926974
"Austin-Round Rock",2022,4,352.245844543,-0.003265936,396.230473263,-0.008012663,343.757858772,-0.006556258,321.102417202,-0.000624971
"Austin-Round Rock",2023,1,348.507211267,-0.084706476,391.839777136,-0.093605061,342.092329746,-0.079707262,315.337749811,-0.084228788
"College Station-Bryan",2008,1,100.000000000,,,,,,,
"College Station-Bryan",2008,2,103.790042053,,,,,,,
"College Station-Bryan",2008,3,105.071468052,,,,,,,
"College Station-Bryan",2008,4,102.685498788,,,,,,,
"College Station-Bryan",2009,1,106.000760354,0.060007603,,,,,,
"College Station-Bryan",2009,2,105.850460780,0.019851795,,,,,,
"College Station-Bryan",2009,3,106.603777583,0.014583497,,,,,,
"College Station-Bryan",2009,4,105.771913356,0.030056966,,,,,,
"College Station-Bryan",2010,1,104.721798406,-0.012065592,,,,,,
"College Station-Bryan",2010,2,108.367898517,0.023782964,,,,,,
"College Station-Bryan",2010,3,105.125113880,-0.013870650,,,,,,
"College Station-Bryan",2010,4,104.568395175,-0.011378428,,,,,,
"College Station-Bryan",2011,1,103.616378666,-0.010555774,,,,,,
"College Station-Bryan",2011,2,105.191523222,-0.029311035,,,,,,
"College Station-Bryan",2011,3,105.261061448,0.001293197,,,,,,
"College Station-Bryan",2011,4,103.952057745,-0.005894108,,,,,,
"College Station-Bryan",2012,1,105.794240242,0.021018506,,,,,,
"College Station-Bryan",2012,2,106.333439903,0.010855596,,,,,,
"College Station-Bryan",2012,3,106.277849497,0.009659678,,,,,,
"College Station-Bryan",2012,4,105.359305197,0.013537466,,,,,,
"College Station-Bryan",2013,1,105.918220724,0.001171902,,,,,,
"College Station-Bryan",2013,2,108.451593011,0.019919915,,,,,,
"College Station-Bryan",2013,3,109.694736129,0.032150505,,,,,,
"College Station-Bryan",2013,4,110.147963747,0.045450741,,,,,,
"College Station-Bryan",2014,1,109.952348418,0.038087192,,,,,,
"College Station-Bryan",2014,2,113.886987693,0.050118163,,,,,,
"College Station-Bryan",2014,3,115.229569560,0.050456691,,,,,,
"College Station-Bryan",2014,4,116.424706896,0.056984649,,,,,,
"College Station-Bryan",2015,1,117.875159869,0.072056773,,,,,,
"College Station-Bryan",2015,2,122.033100072,0.071528034,,,,,,
"College Station-Bryan",2015,3,124.171109050,0.077597612,,,,,,
"College Station-Bryan",2015,4,124.085269739,0.065798429,,,,,,
"College Station-Bryan",2016,1,128.078324288,0.086559071,,,,,,
"College Station-Bryan",2016,2,130.946904094,0.073044149,,,,,,
"College Station-Bryan",2016,3,133.136071364,0.072198455,,,,,,
"College Station-Bryan",2016,4,131.210789352,0.057424379,,,,,,
"College Station-Bryan",2017,1,135.064134209,0.054543264,,,,,,
"College Station-Bryan",2017,2,136.751495922,0.044327827,,,,,,
"College Station-Bryan",2017,3,135.175514732,0.015318488,,,,,,
"College Station-Bryan",2017,4,136.289679090,0.038707866,,,,,,
"College Station-Bryan",2018,1,137.520017734,0.018183091,,,,,,
"College Station-Bryan",2018,2,139.452635843,0.019752178,,,,,,
"College Station-Bryan",2018,3,138.359293278,0.023552923,,,,,,
"College Station-Bryan",2018,4,138.087194364,0.013188931,,,,,,
"College Station-Bryan",2019,1,140.132004195,0.018993500,,,,,,
"College Station-Bryan",2019,2,142.032217941,0.018497908,,,,,,
"College Station-Bryan",2019,3,141.440135007,0.022266966,,,,,,
"College Station-Bryan",2019,4,142.074661194,0.028876441,,,,,,
"College Station-Bryan",2020,1,143.351853924,0.022977261,,,,,,
"College Station-Bryan",2020,2,144.106562906,0.014604749,,,,,,
"College Station-Bryan",2020,3,146.192851434,0.033602318,,,,,,
"College Station-Bryan",2020,4,146.296271020,0.029714023,,,,,,
"College Station-Bryan",2021,1,151.214771783,0.054850479,,,,,,
"College Station-Bryan",2021,2,158.655691454,0.100960901,,,,,,
"College Station-Bryan",2021,3,167.207019570,0.143742788,,,,,,
"College Station-Bryan",2021,4,169.742177256,0.160263184,,,,,,
"College Station-Bryan",2022,1,178.177971441,0.178310619,,,,,,
"College Station-Bryan",2022,2,187.668826017,0.182868539,,,,,,
"College Station-Bryan",2022,3,187.154127620,0.119295877,,,,,,
"College Station-Bryan",2022,4,188.636149987,0.111309829,,,,,,
"College Station-Bryan",2023,1,187.574684512,0.052737793,,,,,,
"Dallas-Fort Worth-Arlington",2005,1,100.000000000,,100.000000000,,100.000000000,,100.000000000,
"Dallas-Fort Worth-Arlington",2005,2,102.218930084,,102.450661878,,100.870237341,,102.953694427,
"Dallas-Fort Worth-Arlington",2005,3,103.021058798,,103.620808229,,100.993433369,,104.272893739,
"Dallas-Fort Worth-Arlington",2005,4,104.106961741,,105.003890032,,103.093231399,,104.239823790,
"Dallas-Fort Worth-Arlington",2006,1,104.860838542,0.048608385,104.897080024,0.048970800,103.670345711,0.036703457,105.929638087,0.059296380
"Dallas-Fort Worth-Arlington",2006,2,106.521563979,0.042092339,105.930722913,0.033968165,104.659970673,0.037570381,108.482195668,0.053698910
"Dallas-Fort Worth-Arlington",2006,3,107.698082913,0.045398719,106.918927595,0.031828736,105.941604002,0.048994973,109.979169141,0.054724436
"Dallas-Fort Worth-Arlington",2006,4,106.962538101,0.027429254,105.535911198,0.005066680,105.216267026,0.020593356,109.829536192,0.053623578
"Dallas-Fort Worth-Arlington",2007,1,107.620967246,0.026321825,106.821958435,0.018350161,106.090120641,0.023341052,109.688511989,0.035484628
"Dallas-Fort Worth-Arlington",2007,2,108.736461516,0.020792949,106.969691691,0.009808002,106.845709419,0.020884190,111.899972016,0.031505412
"Dallas-Fort Worth-Arlington",2007,3,108.633268334,0.008683398,106.663966265,-0.002384622,107.162842367,0.011527467,111.727840126,0.015900019
"Dallas-Fort Worth-Arlington",2007,4,107.540098352,0.005399649,104.088249477,-0.013717242,106.429371267,0.011529626,111.712228710,0.017141950
"Dallas-Fort Worth-Arlington",2008,1,106.822976753,-0.007414823,103.746550721,-0.028790033,105.596721210,-0.004650757,110.735801037,0.009547846
"Dallas-Fort Worth-Arlington",2008,2,108.027816373,-0.006517088,105.843873275,-0.010524648,106.661815757,-0.001721114,111.156300664,-0.006645858
"Dallas-Fort Worth-Arlington",2008,3,107.614071466,-0.009381995,105.883509252,-0.007316969,107.058107481,-0.000977343,110.273209185,-0.013019413
"Dallas-Fort Worth-Arlington",2008,4,104.672538042,-0.026665033,102.039377154,-0.019683992,104.453188971,-0.018568016,107.220043977,-0.040212112
"Dallas-Fort Worth-Arlington",2009,1,104.485936118,-0.021877696,102.565273017,-0.011386187,103.413165677,-0.020678251,106.893644489,-0.034696606
"Dallas-Fort Worth-Arlington",2009,2,106.118223605,-0.017676861,105.061741283,-0.007389487,105.369092530,-0.012119831,107.466384895,-0.033195741
"Dallas-Fort Worth-Arlington",2009,3,106.225525974,-0.012903010,105.299311483,-0.005517363,105.706060621,-0.012629093,107.440758086,-0.025685759
"Dallas-Fort Worth-Arlington",2009,4,105.881235231,0.011547414,104.710612856,0.026178479,105.833425590,0.013213925,107.084010084,-0.001268735
"Dallas-Fort Worth-Arlington",2010,1,104.606135181,0.001150385,103.674539535,0.010815225,105.009931271,0.015440641,105.991734662,-0.008437450
"Dallas-Fort Worth-Arlington",2010,2,106.300086439,0.001713775,106.080547867,0.009697217,106.148917058,0.007400884,106.972632250,-0.004594484
"Dallas-Fort Worth-Arlington",2010,3,104.985232981,-0.011676035,102.677535162,-0.024898323,105.149590389,-0.005264317,107.487813567,0.000437966
"Dallas-Fort Worth-Arlington",2010,4,103.343215455,-0.023970439,100.411627769,-0.041055867,104.946394242,-0.008381391,105.432297515,-0.015424455
"Dallas-Fort Worth-Arlington",2011,1,103.874319755,-0.006995913,102.194104577,-0.014279638,103.356513625,-0.015745345,105.336026997,-0.006186403
"Dallas-Fort Worth-Arlington",2011,2,105.292427617,-0.009479379,103.051053449,-0.028558434,104.727525844,-0.013390539,107.379631315,0.003804702
"Dallas-Fort Worth-Arlington",2011,3,105.478414945,0.004697631,104.039012960,0.013259743,104.349238906,-0.007611551,107.168055095,-0.002974834
"Dallas-Fort Worth-Arlington",2011,4,105.020548993,0.016230707,103.303408082,0.028799257,104.118240548,-0.007891206,106.908410143,0.014000573
"Dallas-Fort Worth-Arlington",2012,1,106.289656015,0.023252486,105.178974036,0.029207843,105.354597244,0.019331956,107.117364076,0.016910995
"Dallas-Fort Worth-Arlington",2012,2,108.629775290,0.031695989,107.853231772,0.046599992,107.732000473,0.028688490,109.414113249,0.018946628
"Dallas-Fort Worth-Arlington",2012,3,109.291781752,0.036153053,107.962785775,0.037714437,108.535355883,0.040116411,110.790171273,0.033798468
"Dallas-Fort Worth-Arlington",2012,4,109.751010564,0.045043199,108.711358498,0.052350164,109.177812955,0.048594486,110.383529786,0.032505577
"Dallas-Fort Worth-Arlington",2013,1,111.617360441,0.050124392,111.089488913,0.056194832,111.104164577,0.054573483,111.900971089,0.044657624
"Dallas-Fort Worth-Arlington",2013,2,115.502294889,0.063265523,114.386586916,0.060576350,114.805865576,0.065661688,116.454155439,0.064343090
"Dallas-Fort Worth-Arlington",2013,3,117.624683891,0.076244544,116.798131182,0.081836952,117.111790973,0.079019735,117.995234243,0.065033413
"Dallas-Fort Worth-Arlington",2013,4,118.937538531,0.083703356,118.943480423,0.094121921,118.173567927,0.082395449,118.414995442,0.072759637
"Dallas-Fort Worth-Arlington",2014,1,120.751017684,0.081830077,120.383978309,0.083666686,119.835955186,0.078591028,120.338573049,0.075402401
"Dallas-Fort Worth-Arlington",2014,2,124.459037253,0.077546012,124.283573320,0.086522263,124.045890766,0.080483912,124.173442581,0.066286060
"Dallas-Fort Worth-Arlington",2014,3,125.955691178,0.070827032,125.756525103,0.076699805,125.666366193,0.073046233,125.451872686,0.063194403
"Dallas-Fort Worth-Arlington",2014,4,127.236341523,0.069774463,127.006837615,0.067791502,127.028483593,0.074931440,126.191787812,0.065674050
"Dallas-Fort Worth-Arlington",2015,1,130.236589021,0.078554794,130.681003534,0.085534847,130.138308937,0.085970473,128.518615566,0.067975232
"Dallas-Fort Worth-Arlington",2015,2,134.750271369,0.082687720,135.570110455,0.090812782,135.474451607,0.092131716,132.603945690,0.067892964
"Dallas-Fort Worth-Arlington",2015,3,136.368688101,0.082671904,137.896986437,0.096539414,137.077102786,0.090801834,133.290735956,0.062485023
"Dallas-Fort Worth-Arlington",2015,4,137.784135393,0.082899223,139.956884568,0.101963383,137.981906350,0.086228084,133.786331780,0.060182553
"Dallas-Fort Worth-Arlington",2016,1,140.413361032,0.078140652,143.450097897,0.097711939,141.373219319,0.086330539,135.009454919,0.050505051
"Dallas-Fort Worth-Arlington",2016,2,145.215320170,0.077662543,149.285996871,0.101171905,146.546264768,0.081726207,139.403039622,0.051273692
"Dallas-Fort Worth-Arlington",2016,3,147.365895722,0.080643201,152.279112098,0.104296156,148.727099313,0.084988639,140.049917431,0.050710061
"Dallas-Fort Worth-Arlington",2016,4,148.105257071,0.074907910,154.106793733,0.101101915,149.788394536,0.085565481,139.642274626,0.043770860
"Dallas-Fort Worth-Arlington",2017,1,151.809382954,0.081160523,159.017569971,0.108521864,153.298827217,0.084355495,142.241329134,0.053565687
"Dallas-Fort Worth-Arlington",2017,2,155.864883523,0.073336362,164.714566286,0.103349073,157.680169423,0.075975356,145.906498575,0.046652203
"Dallas-Fort Worth-Arlington",2017,3,157.294978769,0.067377075,166.907806021,0.096065006,159.205922083,0.070456714,145.272105809,0.037288050
"Dallas-Fort Worth-Arlington",2017,4,157.613717200,0.064200692,168.449822641,0.093072009,158.968257161,0.061285539,144.806924528,0.036984859
"Dallas-Fort Worth-Arlington",2018,1,160.619083867,0.058031333,173.033284878,0.088139410,161.780525982,0.055327877,146.716454086,0.031461495
"Dallas-Fort Worth-Arlington",2018,2,163.688910978,0.050197499,178.083675460,0.081165312,165.187775971,0.047612877,149.020610006,0.021343198
"Dallas-Fort Worth-Arlington",2018,3,163.452660058,0.039147348,178.142180074,0.067308859,164.774014024,0.034974150,148.182761607,0.020035889
"Dallas-Fort Worth-Arlington",2018,4,163.326554851,0.036245815,178.806035600,0.061479512,163.432902746,0.028085138,147.359644688,0.017628439
"Dallas-Fort Worth-Arlington",2019,1,165.074031520,0.027736104,181.872469356,0.051083723,165.047210547,0.020192075,148.066959026,0.009204863
"Dallas-Fort Worth-Arlington",2019,2,167.842765258,0.025376516,186.418455739,0.046802607,168.256043940,0.018574425,150.839090106,0.012202876
"Dallas-Fort Worth-Arlington",2019,3,168.492371920,0.030832853,187.043874075,0.049969602,168.824913964,0.024584580,150.761221191,0.017400536
"Dallas-Fort Worth-Arlington",2019,4,167.860505331,0.027760032,186.604151556,0.043612151,168.085729473,0.028469339,149.959691743,0.017644227
"Dallas-Fort Worth-Arlington",2020,1,170.224371258,0.031200181,190.476331623,0.047307117,169.626281687,0.027744008,151.730126532,0.024739938
"Dallas-Fort Worth-Arlington",2020,2,173.648568567,0.034590727,195.155174916,0.046866170,173.023291582,0.028333292,154.842759895,0.026542654
"Dallas-Fort Worth-Arlington",2020,3,176.614075210,0.048202201,199.188836337,0.064931088,176.395215899,0.044841141,158.385063902,0.050568990
"Dallas-Fort Worth-Arlington",2020,4,181.455696806,0.080991007,204.473533197,0.095760900,181.577076636,0.080264679,162.023036903,0.080443918
"Dallas-Fort Worth-Arlington",2021,1,189.836309514,0.115212281,213.372807473,0.120206409,190.609209395,0.123700923,170.053587333,0.120763497
"Dallas-Fort Worth-Arlington",2021,2,204.520561242,0.177784319,228.955351005,0.173196412,205.576421059,0.188143048,185.426159409,0.197512622
"Dallas-Fort Worth-Arlington",2021,3,215.207626465,0.218519114,240.324003061,0.206513414,217.457540035,0.232785928,194.109994656,0.225557447
"Dallas-Fort Worth-Arlington",2021,4,222.977160297,0.228824248,249.058051681,0.218045425,224.027317230,0.233786342,200.179698677,0.235501460
"Dallas-Fort Worth-Arlington",2022,1,238.902115598,0.258463758,264.758127203,0.240824125,239.904574313,0.258620058,215.898056252,0.269588367
"Dallas-Fort Worth-Arlington",2022,2,254.420297728,0.243983960,282.303639369,0.233007388,257.263728054,0.251426242,229.962264059,0.240182425
"Dallas-Fort Worth-Arlington",2022,3,247.251987337,0.148899745,277.553575401,0.154914082,248.701521155,0.143678536,222.399301855,0.145738539
"Dallas-Fort Worth-Arlington",2022,4,240.478673924,0.078490162,270.630373693,0.086615637,239.859115570,0.070669052,216.036800680,0.079214336
"Dallas-Fort Worth-Arlington",2023,1,240.914789534,0.008424680,270.569311137,0.021949029,239.786353304,-0.000492783,216.421322587,0.002423673
"Dallas-Plano-Irving",2005,1,100.000000000,,,,,,,
"Dallas-Plano-Irving",2005,2,102.038223446,,,,,,,
"Dallas-Plano-Irving",2005,3,103.097719354,,,,,,,
"Dallas-Plano-Irving",2005,4,103.767641212,,,,,,,
"Dallas-Plano-Irving",2006,1,105.139595467,0.051395954,,,,,,
"Dallas-Plano-Irving",2006,2,106.411653905,0.042860707,,,,,,
"Dallas-Plano-Irving",2006,3,107.719004972,0.044824324,,,,,,
"Dallas-Plano-Irving",2006,4,106.934201042,0.030515869,,,,,,
"Dallas-Plano-Irving",2007,1,107.577190444,0.023184367,,,,,,
"Dallas-Plano-Irving",2007,2,108.982533205,0.024159753,,,,,,
"Dallas-Plano-Irving",2007,3,108.855262745,0.010548350,,,,,,
"Dallas-Plano-Irving",2007,4,107.766597977,0.007784197,,,,,,
"Dallas-Plano-Irving",2008,1,106.674337304,-0.008392607,,,,,,
"Dallas-Plano-Irving",2008,2,108.120475715,-0.007910051,,,,,,
"Dallas-Plano-Irving",2008,3,107.363261023,-0.013706289,,,,,,
"Dallas-Plano-Irving",2008,4,104.231199303,-0.032806071,,,,,,
"Dallas-Plano-Irving",2009,1,104.536776872,-0.020038188,,,,,,
"Dallas-Plano-Irving",2009,2,106.051606897,-0.019134847,,,,,,
"Dallas-Plano-Irving",2009,3,105.813354887,-0.014436094,,,,,,
"Dallas-Plano-Irving",2009,4,105.957832598,0.016565417,,,,,,
"Dallas-Plano-Irving",2010,1,103.893274398,-0.006155752,,,,,,
"Dallas-Plano-Irving",2010,2,106.198014208,0.001380528,,,,,,
"Dallas-Plano-Irving",2010,3,104.726374831,-0.010272616,,,,,,
"Dallas-Plano-Irving",2010,4,103.046678868,-0.027474644,,,,,,
"Dallas-Plano-Irving",2011,1,103.829690365,-0.000612012,,,,,,
"Dallas-Plano-Irving",2011,2,105.672724501,-0.004946323,,,,,,
"Dallas-Plano-Irving",2011,3,105.732999244,0.009611947,,,,,,
"Dallas-Plano-Irving",2011,4,104.968289109,0.018647958,,,,,,
"Dallas-Plano-Irving",2012,1,106.385166210,0.024612187,,,,,,
"Dallas-Plano-Irving",2012,2,109.083147352,0.032273444,,,,,,
"Dallas-Plano-Irving",2012,3,109.863861980,0.039068812,,,,,,
"Dallas-Plano-Irving",2012,4,110.485709800,0.052562738,,,,,,
"Dallas-Plano-Irving",2013,1,112.406204336,0.056596594,,,,,,
"Dallas-Plano-Irving",2013,2,116.508402193,0.068069679,,,,,,
"Dallas-Plano-Irving",2013,3,118.718390616,0.080595461,,,,,,
"Dallas-Plano-Irving",2013,4,120.349607467,0.089277587,,,,,,
"Dallas-Plano-Irving",2014,1,122.137309551,0.086570890,,,,,,
"Dallas-Plano-Irving",2014,2,126.271243683,0.083795171,,,,,,
"Dallas-Plano-Irving",2014,3,127.751103966,0.076085207,,,,,,
"Dallas-Plano-Irving",2014,4,129.303533613,0.074399296,,,,,,
"Dallas-Plano-Irving",2015,1,132.930336469,0.088367976,,,,,,
"Dallas-Plano-Irving",2015,2,137.493516334,0.088874333,,,,,,
"Dallas-Plano-Irving",2015,3,138.992766677,0.087996599,,,,,,
"Dallas-Plano-Irving",2015,4,140.354306634,0.085463813,,,,,,
"Dallas-Plano-Irving",2016,1,143.366424749,0.078507950,,,,,,
"Dallas-Plano-Irving",2016,2,148.151479829,0.077516116,,,,,,
"Dallas-Plano-Irving",2016,3,150.175072897,0.080452432,,,,,,
"Dallas-Plano-Irving",2016,4,150.706459803,0.073757289,,,,,,
"Dallas-Plano-Irving",2017,1,154.558438222,0.078065791,,,,,,
"Dallas-Plano-Irving",2017,2,158.438562620,0.069436247,,,,,,
"Dallas-Plano-Irving",2017,3,159.696730004,0.063403712,,,,,,
"Dallas-Plano-Irving",2017,4,159.282672996,0.056906739,,,,,,
"Dallas-Plano-Irving",2018,1,162.403979860,0.050761004,,,,,,
"Dallas-Plano-Irving",2018,2,165.098876227,0.042037200,,,,,,
"Dallas-Plano-Irving",2018,3,164.284108519,0.028725563,,,,,,
"Dallas-Plano-Irving",2018,4,164.038155353,0.029855616,,,,,,
"Dallas-Plano-Irving",2019,1,165.481698932,0.018951007,,,,,,
"Dallas-Plano-Irving",2019,2,168.045284820,0.017846327,,,,,,
"Dallas-Plano-Irving",2019,3,168.421031536,0.025181516,,,,,,
"Dallas-Plano-Irving",2019,4,167.327181717,0.020050373,,,,,,
"Dallas-Plano-Irving",2020,1,169.973698703,0.027144994,,,,,,
"Dallas-Plano-Irving",2020,2,172.989897640,0.029424287,,,,,,
"Dallas-Plano-Irving",2020,3,176.047249139,0.045280672,,,,,,
"Dallas-Plano-Irving",2020,4,180.965884371,0.081509187,,,,,,
"Dallas-Plano-Irving",2021,1,189.593591588,0.115428993,,,,,,
"Dallas-Plano-Irving",2021,2,205.297825505,0.186761934,,,,,,
"Dallas-Plano-Irving",2021,3,216.115212684,0.227597782,,,,,,
"Dallas-Plano-Irving",2021,4,223.940008704,0.237470860,,,,,,
"Dallas-Plano-Irving",2022,1,240.974368470,0.271004818,,,,,,
"Dallas-Plano-Irving",2022,2,256.456208499,0.249191061,,,,,,
"Dallas-Plano-Irving",2022,3,248.919597680,0.151791188,,,,,,
"Dallas-Plano-Irving",2022,4,241.518378557,0.078495888,,,,,,
"Dallas-Plano-Irving",2023,1,242.733688654,0.007300860,,,,,,
"El Paso",2004,1,100.000000000,,,,,,,
"El Paso",2004,2,103.475323568,,,,,,,
"El Paso",2004,3,105.274944880,,,,,,,
"El Paso",2004,4,107.993462257,,,,,,,
"El Paso",2005,1,106.965844227,0.069658442,,,,,,
"El Paso",2005,2,114.155841117,0.103218015,,,,,,
"El Paso",2005,3,116.456518229,0.106213053,,,,,,
"El Paso",2005,4,123.096512639,0.139851524,,,,,,
"El Paso",2006,1,124.368335044,0.162692034,,,,,,
"El Paso",2006,2,128.500145804,0.125655459,,,,,,
"El Paso",2006,3,133.812180679,0.149031266,,,,,,
"El Paso",2006,4,133.909545926,0.087841914,,,,,,
"El Paso",2007,1,133.483183337,0.073289139,,,,,,
"El Paso",2007,2,139.627125276,0.086591181,,,,,,
"El Paso",2007,3,134.508932953,0.005206942,,,,,,
"El Paso",2007,4,132.465367111,-0.010784733,,,,,,
"El Paso",2008,1,129.406260852,-0.030542592,,,,,,
"El Paso",2008,2,130.413419013,-0.065987939,,,,,,
"El Paso",2008,3,129.103390276,-0.040187239,,,,,,
"El Paso",2008,4,129.214878577,-0.024538402,,,,,,
"El Paso",2009,1,128.151218244,-0.009698468,,,,,,
"El Paso",2009,2,128.128127524,-0.017523438,,,,,,
"El Paso",2009,3,125.798836604,-0.025596180,,,,,,
"El Paso",2009,4,126.024029039,-0.024694134,,,,,,
"El Paso",2010,1,124.387872150,-0.029366448,,,,,,
"El Paso",2010,2,126.440546051,-0.013171046,,,,,,
"El Paso",2010,3,126.794385101,0.007913813,,,,,,
"El Paso",2010,4,123.091838845,-0.023266913,,,,,,
"El Paso",2011,1,125.415186343,0.008258957,,,,,,
"El Paso",2011,2,126.228817593,-0.001674529,,,,,,
"El Paso",2011,3,127.852458677,0.008344798,,,,,,
"El Paso",2011,4,126.022010176,0.023804757,,,,,,
"El Paso",2012,1,123.909078614,-0.012008974,,,,,,
"El Paso",2012,2,125.187853348,-0.008246644,,,,,,
"El Paso",2012,3,125.904746870,-0.015234058,,,,,,
"El Paso",2012,4,127.163207640,0.009055540,,,,,,
"El Paso",2013,1,124.795169515,0.007151137,,,,,,
"El Paso",2013,2,125.164411505,-0.000187253,,,,,,
"El Paso",2013,3,126.703561055,0.006344591,,,,,,
"El Paso",2013,4,124.831875092,-0.018333388,,,,,,
"El Paso",2014,1,124.205409681,-0.004725822,,,,,,
"El Paso",2014,2,127.269787558,0.016820884,,,,,,
"El Paso",2014,3,127.990147922,0.010154307,,,,,,
"El Paso",2014,4,128.214638870,0.027098557,,,,,,
"El Paso",2015,1,127.908154219,0.029811459,,,,,,
"El Paso",2015,2,127.904662937,0.004988421,,,,,,
"El Paso",2015,3,127.104032503,-0.006923309,,,,,,
"El Paso",2015,4,127.857542031,-0.002785148,,,,,,
"El Paso",2016,1,129.189778141,0.010019876,,,,,,
"El Paso",2016,2,129.456075646,0.012129446,,,,,,
"El Paso",2016,3,129.094361946,0.015659058,,,,,,
"El Paso",2016,4,130.396252932,0.019855777,,,,,,
"El Paso",2017,1,129.361238317,0.001327196,,,,,,
"El Paso",2017,2,131.778401061,0.017939099,,,,,,
"El Paso",2017,3,133.080183113,0.030875253,,,,,,
"El Paso",2017,4,132.260648139,0.014297920,,,,,,
"El Paso",2018,1,132.851781985,0.026982917,,,,,,
"El Paso",2018,2,136.035428840,0.032304442,,,,,,
"El Paso",2018,3,136.591562869,0.026385444,,,,,,
"El Paso",2018,4,135.883070470,0.027388511,,,,,,
"El Paso",2019,1,137.681154238,0.036351580,,,,,,
"El Paso",2019,2,139.440672404,0.025032034,,,,,,
"El Paso",2019,3,139.145632665,0.018698591,,,,,,
"El Paso",2019,4,140.435256386,0.033500758,,,,,,
"El Paso",2020,1,141.219501225,0.025699573,,,,,,
"El Paso",2020,2,144.724923651,0.037896053,,,,,,
"El Paso",2020,3,149.539336987,0.074696590,,,,,,
"El Paso",2020,4,154.287119921,0.098635228,,,,,,
"El Paso",2021,1,157.403532797,0.114601959,,,,,,
"El Paso",2021,2,163.943526999,0.132794012,,,,,,
"El Paso",2021,3,170.613815412,0.140929329,,,,,,
"El Paso",2021,4,175.673497872,0.138614149,,,,,,
"El Paso",2022,1,181.766676268,0.154781427,,,,,,
"El Paso",2022,2,191.634219748,0.168903849,,,,,,
"El Paso",2022,3,193.303713968,0.132989808,,,,,,
"El Paso",2022,4,194.740152407,0.108534609,,,,,,
"El Paso",2023,1,197.285593796,0.085378232,,,,,,
"Fort Worth-Arlington",2005,1,100.000000000,,,,,,,
"Fort Worth-Arlington",2005,2,102.649799239,,,,,,,
"Fort Worth-Arlington",2005,3,102.808128059,,,,,,,
"Fort Worth-Arlington",2005,4,104.932651048,,,,,,,
"Fort Worth-Arlington",2006,1,104.417725146,0.044177251,,,,,,
"Fort Worth-Arlington",2006,2,106.811741623,0.040545061,,,,,,
"Fort Worth-Arlington",2006,3,107.535592293,0.045983370,,,,,,
"Fort Worth-Arlington",2006,4,106.796329486,0.017760710,,,,,,
"Fort Worth-Arlington",2007,1,107.676248203,0.031206608,,,,,,
"Fort Worth-Arlington",2007,2,108.367959458,0.014569726,,,,,,
"Fort Worth-Arlington",2007,3,108.277998552,0.006903818,,,,,,
"Fort Worth-Arlington",2007,4,106.885839568,0.000838138,,,,,,
"Fort Worth-Arlington",2008,1,107.014550740,-0.006145249,,,,,,
"Fort Worth-Arlington",2008,2,107.770864253,-0.005509886,,,,,,
"Fort Worth-Arlington",2008,3,107.913438306,-0.003366891,,,,,,
"Fort Worth-Arlington",2008,4,105.258387324,-0.015226079,,,,,,
"Fort Worth-Arlington",2009,1,104.403679574,-0.024397347,,,,,,
"Fort Worth-Arlington",2009,2,106.291711563,-0.013724977,,,,,,
"Fort Worth-Arlington",2009,3,106.892123333,-0.009464205,,,,,,
"Fort Worth-Arlington",2009,4,105.431929386,0.001648724,,,,,,
"Fort Worth-Arlington",2010,1,105.468216601,0.010196355,,,,,,
"Fort Worth-Arlington",2010,2,106.176119838,-0.001087495,,,,,,
"Fort Worth-Arlington",2010,3,105.405117665,-0.013911274,,,,,,
"Fort Worth-Arlington",2010,4,103.834616768,-0.015150179,,,,,,
"Fort Worth-Arlington",2011,1,103.960338942,-0.014296986,,,,,,
"Fort Worth-Arlington",2011,2,104.606541886,-0.014782777,,,,,,
"Fort Worth-Arlington",2011,3,104.895599723,-0.004833901,,,,,,
"Fort Worth-Arlington",2011,4,104.982205296,0.011052080,,,,,,
"Fort Worth-Arlington",2012,1,105.921580276,0.018865284,,,,,,
"Fort Worth-Arlington",2012,2,107.874144480,0.031237076,,,,,,
"Fort Worth-Arlington",2012,3,108.278172183,0.032247038,,,,,,
"Fort Worth-Arlington",2012,4,108.348392632,0.032064361,,,,,,
"Fort Worth-Arlington",2013,1,110.181619941,0.040218807,,,,,,
"Fort Worth-Arlington",2013,2,113.675511749,0.053779033,,,,,,
"Fort Worth-Arlington",2013,3,115.664985631,0.068220706,,,,,,
"Fort Worth-Arlington",2013,4,116.402344530,0.074333838,,,,,,
"Fort Worth-Arlington",2014,1,118.064021075,0.071540073,,,,,,
"Fort Worth-Arlington",2014,2,121.176768965,0.065988330,,,,,,
"Fort Worth-Arlington",2014,3,122.637897868,0.060285419,,,,,,
"Fort Worth-Arlington",2014,4,123.509934667,0.061060541,,,,,,
"Fort Worth-Arlington",2015,1,125.409852910,0.062219055,,,,,,
"Fort Worth-Arlington",2015,2,130.015855255,0.072943736,,,,,,
"Fort Worth-Arlington",2015,3,131.817769612,0.074853466,,,,,,
"Fort Worth-Arlington",2015,4,133.179091442,0.078286469,,,,,,
"Fort Worth-Arlington",2016,1,135.288963889,0.078774599,,,,,,
"Fort Worth-Arlington",2016,2,140.217964419,0.078468192,,,,,,
"Fort Worth-Arlington",2016,3,142.563465868,0.081519329,,,,,,
"Fort Worth-Arlington",2016,4,143.749285076,0.079368266,,,,,,
"Fort Worth-Arlington",2017,1,147.121029530,0.087457729,,,,,,
"Fort Worth-Arlington",2017,2,151.436002607,0.080004286,,,,,,
"Fort Worth-Arlington",2017,3,153.214136107,0.074708272,,,,,,
"Fort Worth-Arlington",2017,4,154.750717988,0.076532087,,,,,,
"Fort Worth-Arlington",2018,1,157.530580051,0.070755014,,,,,,
"Fort Worth-Arlington",2018,2,161.178071076,0.064331257,,,,,,
"Fort Worth-Arlington",2018,3,161.763522936,0.055800248,,,,,,
"Fort Worth-Arlington",2018,4,161.935467638,0.046427892,,,,,,
"Fort Worth-Arlington",2019,1,164.168467700,0.042137137,,,,,,
"Fort Worth-Arlington",2019,2,167.329373812,0.038164638,,,,,,
"Fort Worth-Arlington",2019,3,168.523554432,0.041789591,,,,,,
"Fort Worth-Arlington",2019,4,168.523901554,0.040685552,,,,,,
"Fort Worth-Arlington",2020,1,170.516018917,0.038664862,,,,,,
"Fort Worth-Arlington",2020,2,174.757048872,0.044389546,,,,,,
"Fort Worth-Arlington",2020,3,177.602161838,0.053871445,,,,,,
"Fort Worth-Arlington",2020,4,182.365373168,0.082133581,,,,,,
"Fort Worth-Arlington",2021,1,190.210038082,0.115496592,,,,,,
"Fort Worth-Arlington",2021,2,203.531207230,0.164652347,,,,,,
"Fort Worth-Arlington",2021,3,213.974477541,0.204796582,,,,,,
"Fort Worth-Arlington",2021,4,221.599510033,0.215140276,,,,,,
"Fort Worth-Arlington",2022,1,235.063671834,0.235811076,,,,,,
"Fort Worth-Arlington",2022,2,251.183076151,0.234125614,,,,,,
"Fort Worth-Arlington",2022,3,244.790785593,0.144018615,,,,,,
"Fort Worth-Arlington",2022,4,238.920780284,0.078164749,,,,,,
"Fort Worth-Arlington",2023,1,237.909270138,0.012105649,,,,,,
"Houston-The Woodlands-Sugar Land",2000,1,100.000000000,,100.000000000,,100.000000000,,100.000000000,
"Houston-The Woodlands-Sugar Land",2000,2,102.136039222,,103.402861346,,102.139491706,,100.767884926,
"Houston-The Woodlands-Sugar Land",2000,3,104.647131072,,106.141123462,,103.360642896,,104.175105929,
"Houston-The Woodlands-Sugar Land",2000,4,103.933078053,,105.652396236,,103.961652070,,102.018230384,
"Houston-The Woodlands-Sugar Land",2001,1,106.175508197,0.061755081,108.269229692,0.082692296,105.613008042,0.056130080,104.146431370,0.041464313
"Houston-The Woodlands-Sugar Land",2001,2,107.226819031,0.049843129,112.136877268,0.084465901,105.180536301,0.029773445,104.790599888,0.039920605
"Houston-The Woodlands-Sugar Land",2001,3,108.179980903,0.033759643,112.917144970,0.063839737,106.302199875,0.028459159,105.632985171,0.013994506
"Houston-The Woodlands-Sugar Land",2001,4,107.957155066,0.038717962,113.906682382,0.078126823,105.888756792,0.018536688,104.575627223,0.025068037
"Houston-The Woodlands-Sugar Land",2002,1,110.161978812,0.037546046,115.434063545,0.066176085,110.184079332,0.043281328,105.489530345,0.012896255
"Houston-The Woodlands-Sugar Land",2002,2,110.274465605,0.028422428,116.805848453,0.041636358,108.959341520,0.035926848,105.977661221,0.011327937
"Houston-The Woodlands-Sugar Land",2002,3,112.102247117,0.036256858,117.681153452,0.042190302,111.300245130,0.047017326,107.942678919,0.021865270
"Houston-The Woodlands-Sugar Land",2002,4,112.111135720,0.038478048,118.102593402,0.036836390,111.869801996,0.056484232,107.407304952,0.027077798
"Houston-The Woodlands-Sugar Land",2003,1,112.352120541,0.019881103,117.366421620,0.016739929,112.279022181,0.019013117,107.897666363,0.022828199
"Houston-The Woodlands-Sugar Land",2003,2,112.518530926,0.020349818,120.215987049,0.029194930,111.214943658,0.020701319,107.473447204,0.014114162
"Houston-The Woodlands-Sugar Land",2003,3,113.339083892,0.011033113,120.152462665,0.021000042,111.972385749,0.006038985,108.764962196,0.007617777
"Houston-The Woodlands-Sugar Land",2003,4,113.130500575,0.009092449,120.831434596,0.023105683,112.600817842,0.006534523,107.452138101,0.000417412
"Houston-The Woodlands-Sugar Land",2004,1,113.944733356,0.014175191,120.941421326,0.030460157,113.305761201,0.009144531,108.661677014,0.007080882
"Houston-The Woodlands-Sugar Land",2004,2,114.242069784,0.015317822,120.587925557,0.003093918,112.290932941,0.009674862,110.741010818,0.030403450
"Houston-The Woodlands-Sugar Land",2004,3,115.634807562,0.020255357,122.884778715,0.022740408,114.647500848,0.023890846,110.750094108,0.018251575
"Houston-The Woodlands-Sugar Land",2004,4,115.114903071,0.017540826,123.389848570,0.021173413,113.430123987,0.007365009,110.017278301,0.023872397
"Houston-The Woodlands-Sugar Land",2005,1,115.839397768,0.016627924,122.894049430,0.016145238,114.207509575,0.007958539,111.277634494,0.024074333
"Houston-The Woodlands-Sugar Land",2005,2,117.408959813,0.027720874,125.767545059,0.042953052,115.095128742,0.024972593,112.631492944,0.017071201
"Houston-The Woodlands-Sugar Land",2005,3,118.804772082,0.027413584,126.490613056,0.029343213,117.426894142,0.024242947,113.819989426,0.027719121
"Houston-The Woodlands-Sugar Land",2005,4,119.183171227,0.035340933,126.761677107,0.027326628,117.757632399,0.038151315,114.430359101,0.040112615
"Houston-The Woodlands-Sugar Land",2006,1,121.096012764,0.045378473,128.132299991,0.042624118,118.962641818,0.041635898,116.883548604,0.050377725
"Houston-The Woodlands-Sugar Land",2006,2,122.233169867,0.041088942,130.452661370,0.037252188,119.510021956,0.038358645,118.463476035,0.051779328
"Houston-The Woodlands-Sugar Land",2006,3,123.412211413,0.038781601,131.120502236,0.036602630,121.232088524,0.032404794,119.866850919,0.053126533
"Houston-The Woodlands-Sugar Land",2006,4,123.781319046,0.038580512,129.989473406,0.025463502,122.156562446,0.037355795,120.352664457,0.051754668
"Houston-The Woodlands-Sugar Land",2007,1,124.824654108,0.030790785,131.605558276,0.027106812,121.947013579,0.025086629,121.760595303,0.041725689
"Houston-The Woodlands-Sugar Land",2007,2,126.098343748,0.031621317,130.737288220,0.002181840,123.363820059,0.032246652,124.714388511,0.052766579
"Houston-The Woodlands-Sugar Land",2007,3,126.162314291,0.022283879,131.034897547,-0.000652870,124.402753855,0.026153680,123.993184058,0.034424305
"Houston-The Woodlands-Sugar Land",2007,4,125.259853891,0.011944733,129.743548778,-0.001891881,121.924655262,-0.001898442,124.988400882,0.038517937
"Houston-The Woodlands-Sugar Land",2008,1,124.765815764,-0.000471367,127.818971668,-0.028772239,123.131499338,0.009713118,124.077917269,0.019031789
"Houston-The Woodlands-Sugar Land",2008,2,125.651072026,-0.003547007,128.783652634,-0.014943216,124.063699545,0.005673296,124.822957355,0.000870539
"Houston-The Woodlands-Sugar Land",2008,3,125.737072344,-0.003370594,129.046060685,-0.015177917,123.041175681,-0.010944919,125.993691356,0.016134010
"Houston-The Woodlands-Sugar Land",2008,4,123.421538651,-0.014676012,125.342960201,-0.033917590,121.276847682,-0.005313179,123.832535243,-0.009247783
"Houston-The Woodlands-Sugar Land",2009,1,122.101633818,-0.021353460,125.434489640,-0.018655149,121.660509584,-0.011946494,120.598018476,-0.028046076
"Houston-The Woodlands-Sugar Land",2009,2,125.051904547,-0.004768502,128.566049118,-0.001689682,123.734917549,-0.002650106,123.525013067,-0.010398281
"Houston-The Woodlands-Sugar Land",2009,3,125.016069169,-0.005734213,129.553697125,0.003933761,122.775843033,-0.002156454,123.645316502,-0.018638828
"Houston-The Woodlands-Sugar Land",2009,4,124.542971149,0.009086197,128.933801733,0.028648130,123.551486700,0.018755756,122.532423283,-0.010498952
"Houston-The Woodlands-Sugar Land",2010,1,124.449201582,0.019226341,129.335812557,0.031102473,122.714408627,0.008662622,122.323353524,0.014306495
"Houston-The Woodlands-Sugar Land",2010,2,125.150805256,0.000790877,129.634172895,0.008307976,123.759692128,0.000200223,123.415274596,-0.000888390
"Houston-The Woodlands-Sugar Land",2010,3,122.791026982,-0.017798049,125.177860245,-0.033776240,122.445708743,-0.002688918,122.224829245,-0.011488403
"Houston-The Woodlands-Sugar Land",2010,4,120.677221741,-0.031039482,121.756886605,-0.055663565,119.782212251,-0.030507722,121.288168377,-0.010154495
"Houston-The Woodlands-Sugar Land",2011,1,121.741434163,-0.021758013,123.143150713,-0.047880488,119.775305469,-0.023950758,122.027965374,-0.002414814
"Houston-The Woodlands-Sugar Land",2011,2,123.346797851,-0.014414668,125.475606508,-0.032079244,120.942559457,-0.022762925,123.580001624,0.001334737
"Houston-The Woodlands-Sugar Land",2011,3,123.722430301,0.007585271,126.783322947,0.012825452,120.404125358,-0.016673376,124.048361494,0.014919491
"Houston-The Woodlands-Sugar Land",2011,4,123.018944030,0.019404840,125.344243758,0.029463279,120.466218294,0.005710414,123.020244690,0.014280670
"Houston-The Woodlands-Sugar Land",2012,1,123.957383982,0.018202100,126.748476594,0.029277518,121.341010579,0.013072019,123.725494566,0.013910984
"Houston-The Woodlands-Sugar Land",2012,2,126.306525503,0.023995172,128.148420443,0.021301462,123.358462128,0.019975620,126.873435119,0.026650214
"Houston-The Woodlands-Sugar Land",2012,3,127.297305847,0.028894320,129.589295684,0.022132033,124.649941049,0.035263041,127.808037472,0.030308147
"Houston-The Woodlands-Sugar Land",2012,4,128.666966382,0.045911809,131.037360426,0.045419849,125.330144351,0.040375850,128.783875647,0.046851076
"Houston-The Woodlands-Sugar Land",2013,1,131.349525351,0.059634538,133.272968281,0.051475898,127.978131595,0.054698085,131.989939959,0.066796624
"Houston-The Woodlands-Sugar Land",2013,2,136.259538232,0.078800463,137.932398533,0.076348799,133.432397864,0.081663921,137.333580587,0.082445513
"Houston-The Woodlands-Sugar Land",2013,3,139.157749453,0.093171206,140.856698042,0.086947014,135.879445776,0.090088327,140.541714327,0.099631268
"Houston-The Woodlands-Sugar Land",2013,4,140.576373860,0.092559946,142.791313444,0.089699250,137.220093205,0.094869027,141.269494589,0.096950172
"Houston-The Woodlands-Sugar Land",2014,1,144.251591194,0.098226969,146.473333794,0.099047583,140.971271179,0.101526248,144.697784603,0.096278887
"Houston-The Woodlands-Sugar Land",2014,2,148.345266885,0.088696386,149.713387814,0.085411327,146.064307341,0.094668983,149.238347829,0.086685042
"Houston-The Woodlands-Sugar Land",2014,3,150.798473163,0.083651278,153.623942152,0.090639950,147.990472438,0.089130674,151.106321460,0.075170615
"Houston-The Woodlands-Sugar Land",2014,4,152.397059836,0.084087287,156.114062792,0.093302239,148.968618562,0.085618112,152.026275318,0.076143690
"Houston-The Woodlands-Sugar Land",2015,1,153.421995107,0.063572289,158.424491619,0.081592720,149.984606973,0.063937394,152.305166622,0.052574281
"Houston-The Woodlands-Sugar Land",2015,2,157.378418837,0.060892754,163.648633895,0.093079491,154.791877602,0.059751560,154.776003005,0.037106114
"Houston-The Woodlands-Sugar Land",2015,3,158.229656882,0.049278905,166.043506987,0.080843940,155.816106820,0.052879312,154.387246002,0.021712688
"Houston-The Woodlands-Sugar Land",2015,4,157.156829880,0.031232689,165.415290797,0.059579693,154.177792191,0.034968261,152.392709383,0.002410333
"Houston-The Woodlands-Sugar Land",2016,1,158.572009492,0.033567640,169.201099860,0.068023625,154.941259955,0.033047744,151.524479156,-0.005125810
"Houston-The Woodlands-Sugar Land",2016,2,160.347352795,0.018864937,172.348840951,0.053163945,157.964852981,0.020498332,152.469028807,-0.014905244
"Houston-The Woodlands-Sugar Land",2016,3,160.929650462,0.017063764,173.903962000,0.047339731,157.960274169,0.013760883,153.096330284,-0.008361543
"Houston-The Woodlands-Sugar Land",2016,4,160.755157977,0.022896415,174.454924809,0.054648116,157.882927676,0.024031576,150.910238664,-0.009727963
"Houston-The Woodlands-Sugar Land",2017,1,161.601068943,0.019102106,175.937073577,0.039810460,158.438197117,0.022569438,151.417091221,-0.000708716
"Houston-The Woodlands-Sugar Land",2017,2,164.219434546,0.024148086,179.560020464,0.041840603,160.947134144,0.018879396,154.484073727,0.013216093
"Houston-The Woodlands-Sugar Land",2017,3,164.039957740,0.019327123,180.313722172,0.036858045,161.099812686,0.019875494,153.736841457,0.004183713
"Houston-The Woodlands-Sugar Land",2017,4,163.858718611,0.019306134,180.825087013,0.036514659,159.898654609,0.012767225,152.272978865,0.009030137
"Houston-The Woodlands-Sugar Land",2018,1,165.111359548,0.021721951,183.178361725,0.041158398,161.944728183,0.022131854,151.419635600,0.000016803
"Houston-The Woodlands-Sugar Land",2018,2,168.771965020,0.027722239,188.958758588,0.052343155,165.981944409,0.031282385,155.186087201,0.004544244
"Houston-The Woodlands-Sugar Land",2018,3,169.420335468,0.032799189,189.966329153,0.053532292,166.197246517,0.031641463,155.519068872,0.011592715
"Houston-The Woodlands-Sugar Land",2018,4,168.035723423,0.025491501,189.756779904,0.049394102,164.066566503,0.026065959,153.117515355,0.005546200
"Houston-The Woodlands-Sugar Land",2019,1,169.363504923,0.025753197,192.710910395,0.052039709,165.546531004,0.022240939,153.858590384,0.016107255
"Houston-The Woodlands-Sugar Land",2019,2,172.442281279,0.021747191,196.868569759,0.041859986,168.456593814,0.014909148,157.114865611,0.012428810
"Houston-The Woodlands-Sugar Land",2019,3,173.013610678,0.021209232,198.164046643,0.043153528,169.541975683,0.020125057,156.615015288,0.007047022
"Houston-The Woodlands-Sugar Land",2019,4,172.533376447,0.026766052,197.944968530,0.043150967,168.485536215,0.026934004,155.523332652,0.015712227
"Houston-The Woodlands-Sugar Land",2020,1,174.593472315,0.030880132,201.129954107,0.043687426,170.049858774,0.027202791,156.640568217,0.018081394
"Houston-The Woodlands-Sugar Land",2020,2,177.328424895,0.028334951,205.819921381,0.045468667,173.285497037,0.028665563,157.730884168,0.003920816
"Houston-The Woodlands-Sugar Land",2020,3,179.827900989,0.039385862,208.786937024,0.053606547,176.338683493,0.040088643,161.806180033,0.033146022
"Houston-The Woodlands-Sugar Land",2020,4,183.490621865,0.063507975,213.405878618,0.078107113,180.709354938,0.072551145,164.074024090,0.054980119
"Houston-The Woodlands-Sugar Land",2021,1,188.987417822,0.082442632,220.896926705,0.098279605,186.126229089,0.094539157,168.937720060,0.078505536
"Houston-The Woodlands-Sugar Land",2021,2,198.612125791,0.120024191,233.782609787,0.135859970,197.394832449,0.139130716,178.373042425,0.130869476
"Houston-The Woodlands-Sugar Land",2021,3,207.745937301,0.155248635,243.386517803,0.165717172,206.992301198,0.173833767,184.700929964,0.141494904
"Houston-The Woodlands-Sugar Land",2021,4,212.272521499,0.156857605,252.228389760,0.181918658,212.031439644,0.173328518,186.501461045,0.136690966
"Houston-The Woodlands-Sugar Land",2022,1,221.577046285,0.172443376,262.034521126,0.186229817,222.289372208,0.194293643,194.201978331,0.149547763
"Houston-The Woodlands-Sugar Land",2022,2,232.193379143,0.169079572,274.283549460,0.173241883,235.028215764,0.190650296,205.858855290,0.154091742
"Houston-The Woodlands-Sugar Land",2022,3,233.052880111,0.121816788,274.954257824,0.129702089,233.437651543,0.127760067,205.374611881,0.111930578
"Houston-The Woodlands-Sugar Land",2022,4,230.539442766,0.086054102,271.508371054,0.076438585,229.295213672,0.081420821,202.794466861,0.087361277
"Killeen-Temple",2005,1,100.000000000,,,,,,,
"Killeen-Temple",2005,2,104.945804316,,,,,,,
"Killeen-Temple",2005,3,105.323483637,,,,,,,
"Killeen-Temple",2005,4,106.621976538,,,,,,,
"Killeen-Temple",2006,1,106.935411560,0.069354115,,,,,,
"Killeen-Temple",2006,2,109.332571863,0.041800313,,,,,,
"Killeen-Temple",2006,3,110.984843399,0.053752112,,,,,,
"Killeen-Temple",2006,4,109.127201227,0.023496325,,,,,,
"Killeen-Temple",2007,1,110.394560773,0.032348023,,,,,,
"Killeen-Temple",2007,2,108.726956956,-0.005539199,,,,,,
"Killeen-Temple",2007,3,110.806693442,-0.001605173,,,,,,
"Killeen-Temple",2007,4,114.168296327,0.046194670,,,,,,
"Killeen-Temple",2008,1,110.304742198,-0.000813614,,,,,,
"Killeen-Temple",2008,2,112.610774192,0.035720830,,,,,,
"Killeen-Temple",2008,3,111.993971493,0.010714858,,,,,,
"Killeen-Temple",2008,4,108.059886390,-0.053503556,,,,,,
"Killeen-Temple",2009,1,108.575137507,-0.015680238,,,,,,
"Killeen-Temple",2009,2,106.901709839,-0.050697319,,,,,,
"Killeen-Temple",2009,3,108.166337174,-0.034177146,,,,,,
"Killeen-Temple",2009,4,108.821237710,0.007045642,,,,,,
"Killeen-Temple",2010,1,110.420725608,0.016998257,,,,,,
"Killeen-Temple",2010,2,111.081491515,0.039099296,,,,,,
"Killeen-Temple",2010,3,105.933234509,-0.020645079,,,,,,
"Killeen-Temple",2010,4,107.098849785,-0.015827681,,,,,,
"Killeen-Temple",2011,1,106.790693934,-0.032874550,,,,,,
"Killeen-Temple",2011,2,107.619451269,-0.031166670,,,,,,
"Killeen-Temple",2011,3,107.566075409,0.015413868,,,,,,
"Killeen-Temple",2011,4,105.861307324,-0.011555142,,,,,,
"Killeen-Temple",2012,1,108.992276286,0.020615863,,,,,,
"Killeen-Temple",2012,2,108.981133968,0.012652756,,,,,,
"Killeen-Temple",2012,3,108.287283109,0.006704787,,,,,,
"Killeen-Temple",2012,4,108.205328985,0.022142383,,,,,,
"Killeen-Temple",2013,1,107.510528743,-0.013594977,,,,,,
"Killeen-Temple",2013,2,108.846329711,-0.001236950,,,,,,
"Killeen-Temple",2013,3,109.133134928,0.007811183,,,,,,
"Killeen-Temple",2013,4,108.204443052,-0.000008187,,,,,,
"Killeen-Temple",2014,1,105.951066372,-0.014505206,,,,,,
"Killeen-Temple",2014,2,109.092224159,0.002259097,,,,,,
"Killeen-Temple",2014,3,110.686409660,0.014232842,,,,,,
"Killeen-Temple",2014,4,111.149083427,0.027213673,,,,,,
"Killeen-Temple",2015,1,110.237413827,0.040455916,,,,,,
"Killeen-Temple",2015,2,112.948977118,0.035353142,,,,,,
"Killeen-Temple",2015,3,113.019511225,0.021078482,,,,,,
"Killeen-Temple",2015,4,113.303767050,0.019385527,,,,,,
"Killeen-Temple",2016,1,113.425390546,0.028919190,,,,,,
"Killeen-Temple",2016,2,115.235328161,0.020242335,,,,,,
"Killeen-Temple",2016,3,116.072470936,0.027012678,,,,,,
"Killeen-Temple",2016,4,116.313588261,0.026564176,,,,,,
"Killeen-Temple",2017,1,117.607725267,0.036873002,,,,,,
"Killeen-Temple",2017,2,119.163727435,0.034090233,,,,,,
"Killeen-Temple",2017,3,120.346066251,0.036818336,,,,,,
"Killeen-Temple",2017,4,120.522931767,0.036189610,,,,,,
"Killeen-Temple",2018,1,123.391467983,0.049178255,,,,,,
"Killeen-Temple",2018,2,123.921565098,0.039926895,,,,,,
"Killeen-Temple",2018,3,125.906276196,0.046201842,,,,,,
"Killeen-Temple",2018,4,125.848240239,0.044185022,,,,,,
"Killeen-Temple",2019,1,126.623911543,0.026196653,,,,,,
"Killeen-Temple",2019,2,129.659247417,0.046300918,,,,,,
"Killeen-Temple",2019,3,131.116680469,0.041383197,,,,,,
"Killeen-Temple",2019,4,132.199646755,0.050468774,,,,,,
"Killeen-Temple",2020,1,134.486889873,0.062097104,,,,,,
"Killeen-Temple",2020,2,137.661730870,0.061719342,,,,,,
"Killeen-Temple",2020,3,140.464987369,0.071297617,,,,,,
"Killeen-Temple",2020,4,145.367047070,0.099602386,,,,,,
"Killeen-Temple",2021,1,151.126527846,0.123726840,,,,,,
"Killeen-Temple",2021,2,162.045319466,0.177126848,,,,,,
"Killeen-Temple",2021,3,172.983427775,0.231505665,,,,,,
"Killeen-Temple",2021,4,178.702300863,0.229317816,,,,,,
"Killeen-Temple",2022,1,186.345917670,0.233045715,,,,,,
"Killeen-Temple",2022,2,197.599553043,0.219409197,,,,,,
"Killeen-Temple",2022,3,197.377158154,0.141017730,,,,,,
"Killeen-Temple",2022,4,195.331998706,0.093058107,,,,,,
"Killeen-Temple",2023,1,192.859972158,0.034956786,,,,,,
"San Antonio-New Braunfels",2005,1,100.000000000,,100.000000000,,100.000000000,,100.000000000,
"San Antonio-New Braunfels",2005,2,101.155917957,,97.215938469,,103.293380180,,102.921797921,
"San Antonio-New Braunfels",2005,3,102.763601882,,99.635806820,,105.235762741,,103.896487360,
"San Antonio-New Braunfels",2005,4,106.043851658,,103.815472189,,106.477332349,,107.505381052,
"San Antonio-New Braunfels",2006,1,107.189067562,0.071890675,104.524077370,0.045240773,107.486179029,0.074861790,108.999391106,0.089993911
"San Antonio-New Braunfels",2006,2,109.928953824,0.086727855,108.117541877,0.112138025,111.123817783,0.075807738,110.790211093,0.076450405
"San Antonio-New Braunfels",2006,3,112.033408864,0.090205158,107.925636113,0.083201306,114.056809368,0.083821757,114.361047364,0.100721018
"San Antonio-New Braunfels",2006,4,112.627570516,0.062084871,108.272727738,0.042934405,116.059416874,0.089991778,113.757397951,0.058155385
"San Antonio-New Braunfels",2007,1,114.513313760,0.068330160,110.890212023,0.060905915,117.126143132,0.089685615,116.447718940,0.068333664
"San Antonio-New Braunfels",2007,2,115.232671918,0.048246780,111.453773997,0.030857454,116.640512755,0.049644577,117.435912574,0.059984554
"San Antonio-New Braunfels",2007,3,115.701347345,0.032739684,112.143472516,0.039080950,117.861164353,0.033354913,117.496155373,0.027414124
"San Antonio-New Braunfels",2007,4,112.280960925,-0.003077484,110.202889374,0.017826849,112.387352330,-0.031639522,114.254686840,0.004371486
"San Antonio-New Braunfels",2008,1,112.131118056,-0.020802783,109.201274734,-0.015230715,113.557222826,-0.030470740,113.868331573,-0.022150604
"San Antonio-New Braunfels",2008,2,113.877603184,-0.011759414,110.851226725,-0.005406252,115.564950502,-0.009221172,115.649747331,-0.015209702
"San Antonio-New Braunfels",2008,3,111.929356595,-0.032601096,107.459983130,-0.041763370,113.763417948,-0.034767571,114.858289091,-0.022450660
"San Antonio-New Braunfels",2008,4,109.873259269,-0.021443543,107.167092083,-0.027547347,109.942013919,-0.021758128,112.033332671,-0.019442127
"San Antonio-New Braunfels",2009,1,107.042973097,-0.045376743,103.578847765,-0.051486825,109.869078905,-0.032478285,108.252586643,-0.049317881
"San Antonio-New Braunfels",2009,2,109.261406389,-0.040536476,106.646520517,-0.037931075,112.541324251,-0.026163869,108.960821009,-0.057837794
"San Antonio-New Braunfels",2009,3,109.389626735,-0.022690471,105.722336392,-0.016170175,111.203267283,-0.022504164,111.480149059,-0.029411373
"San Antonio-New Braunfels",2009,4,109.346663019,-0.004792760,105.918764801,-0.011648419,111.661232823,0.015637506,110.639740841,-0.012439082
"San Antonio-New Braunfels",2010,1,109.027894607,0.018543221,106.215101198,0.025451658,111.711284553,0.016767280,109.623867142,0.012667415
"San Antonio-New Braunfels",2010,2,110.559474691,0.011880391,109.448504432,0.026273561,111.334506688,-0.010723328,111.500444358,0.023307674
"San Antonio-New Braunfels",2010,3,107.184744882,-0.020156224,102.495503608,-0.030521769,108.944083253,-0.020315806,110.496419998,-0.008824253
"San Antonio-New Braunfels",2010,4,108.595342810,-0.006870993,102.364216107,-0.033559196,110.855512778,-0.007215754,112.052310982,0.012767294
"San Antonio-New Braunfels",2011,1,108.004783335,-0.009383940,103.174004397,-0.028631491,110.619832579,-0.009770292,110.348799738,0.006612908
"San Antonio-New Braunfels",2011,2,109.020706759,-0.013918010,103.237817232,-0.056745290,112.083800073,0.006730109,111.692904366,0.001726091
"San Antonio-New Braunfels",2011,3,109.082004932,0.017700840,104.432230459,0.018895725,111.678447408,0.025098785,111.259939914,0.006909906
"San Antonio-New Braunfels",2011,4,109.552395630,0.008813018,105.125217761,0.026972332,112.027355585,0.010570902,111.464162173,-0.005248877
"San Antonio-New Braunfels",2012,1,110.020511596,0.018663323,106.440461591,0.031659691,111.647791872,0.009292721,111.743365777,0.012637799
"San Antonio-New Braunfels",2012,2,111.714405563,0.024708139,107.511097683,0.041392588,113.244870317,0.010358947,114.130229184,0.021821662
"San Antonio-New Braunfels",2012,3,112.117095143,0.027823931,107.148925714,0.026013954,113.810738219,0.019093127,114.965017946,0.033301096
"San Antonio-New Braunfels",2012,4,112.435979205,0.026321501,107.905516697,0.026447497,114.630784805,0.023239227,114.022178328,0.022949225
"San Antonio-New Braunfels",2013,1,113.388891403,0.030615925,109.484130118,0.028595033,114.759585920,0.027871523,115.042707884,0.029526067
"San Antonio-New Braunfels",2013,2,116.542423765,0.043217507,112.943859324,0.050532100,119.022474055,0.051018679,117.733816524,0.031574345
"San Antonio-New Braunfels",2013,3,117.890082884,0.051490700,114.358575606,0.067286254,120.230746736,0.056409514,119.235981686,0.037150115
"San Antonio-New Braunfels",2013,4,118.038732994,0.049830613,115.045268193,0.066166695,120.071466709,0.047462659,118.761187412,0.041562169
"San Antonio-New Braunfels",2014,1,119.458383424,0.053528100,116.281024227,0.062081089,121.141017961,0.055606962,120.416017700,0.046707087
"San Antonio-New Braunfels",2014,2,122.089395097,0.047596155,118.744530275,0.051358887,124.673989131,0.047482755,123.042218149,0.045088163
"San Antonio-New Braunfels",2014,3,123.169149937,0.044779568,120.438046315,0.053161476,125.369721729,0.042742602,123.687021985,0.037329673
"San Antonio-New Braunfels",2014,4,123.795361982,0.048768983,120.835746422,0.050332172,125.575756890,0.045841783,124.563547346,0.048857375
"San Antonio-New Braunfels",2015,1,125.739650459,0.052581215,124.146646351,0.067643213,127.900344605,0.055797175,124.632540864,0.035016298
"San Antonio-New Braunfels",2015,2,128.293023508,0.050812180,126.847616781,0.068239661,131.021058444,0.050909330,127.324102321,0.034800121
"San Antonio-New Braunfels",2015,3,129.736927805,0.053323237,127.829257254,0.061369402,133.076497567,0.061472385,128.585039597,0.039600093
"San Antonio-New Braunfels",2015,4,129.779415827,0.048338271,130.095734135,0.076632850,131.370649992,0.046146591,127.612109994,0.024473954
"San Antonio-New Braunfels",2016,1,130.809220774,0.040317992,130.179396013,0.048593738,133.122507414,0.040829935,129.007988073,0.035106780
"San Antonio-New Braunfels",2016,2,133.742073206,0.042473468,134.370763214,0.059308535,136.324589219,0.040478460,131.023332215,0.029053649
"San Antonio-New Braunfels",2016,3,135.087418493,0.041241077,136.647291210,0.068982908,138.241546243,0.038812628,130.725724063,0.016648005
"San Antonio-New Braunfels",2016,4,135.253813416,0.042182325,137.543631942,0.057249362,137.983785487,0.050339520,130.306789532,0.021116174
"San Antonio-New Braunfels",2017,1,136.486636380,0.043402258,137.545058420,0.056580861,138.619699121,0.041294232,133.066698024,0.031460919
"San Antonio-New Braunfels",2017,2,139.707094341,0.044600932,142.373005945,0.059553451,142.813028355,0.047595515,134.972079807,0.030137743
"San Antonio-New Braunfels",2017,3,140.141156261,0.037410869,143.162067840,0.047675856,143.397158959,0.037294235,135.117319594,0.033593966
"San Antonio-New Braunfels",2017,4,140.202942550,0.036591420,145.103140965,0.054960807,142.002807166,0.029126767,133.838456714,0.027102710
"San Antonio-New Braunfels",2018,1,141.788300400,0.038843832,145.864955242,0.060488518,144.357311221,0.041391029,135.144760242,0.015616696
"San Antonio-New Braunfels",2018,2,145.123655237,0.038770836,150.291092459,0.055615082,148.475249664,0.039647792,137.821047197,0.021107827
"San Antonio-New Braunfels",2018,3,145.756538122,0.040069470,151.279344844,0.056699914,148.591376207,0.036222595,138.563130259,0.025502361
"San Antonio-New Braunfels",2018,4,145.948400392,0.040979581,152.105247997,0.048256067,147.975686412,0.042061698,138.566680151,0.035327838
"San Antonio-New Braunfels",2019,1,147.875805327,0.042933760,154.348271495,0.058158700,149.445398190,0.035246479,139.591615579,0.032904385
"San Antonio-New Braunfels",2019,2,150.151595726,0.034645905,157.821162811,0.050103237,153.052095623,0.030825649,140.685396483,0.020783104
"San Antonio-New Braunfels",2019,3,151.096505036,0.036636208,159.097254781,0.051678634,153.874212773,0.035552780,142.314771088,0.027075318
"San Antonio-New Braunfels",2019,4,151.153809154,0.035666089,159.627344029,0.049453231,153.232511906,0.035524927,141.651055110,0.022259138
"San Antonio-New Braunfels",2020,1,152.952897654,0.034333488,163.120666066,0.056835068,154.660610021,0.034897105,142.473511795,0.020645195
"San Antonio-New Braunfels",2020,2,156.113110050,0.039703303,166.498563288,0.054982489,158.646421995,0.036551778,145.332127865,0.033029237
"San Antonio-New Braunfels",2020,3,158.788940965,0.050910746,169.618894128,0.066133380,162.497540703,0.056041410,148.237096512,0.041614270
"San Antonio-New Braunfels",2020,4,162.964337695,0.078135831,173.533833059,0.087118464,165.379619583,0.079272391,152.681840866,0.077872951
"San Antonio-New Braunfels",2021,1,168.290591116,0.100277233,178.765067386,0.095906923,171.115370877,0.106392706,157.051558293,0.102321100
"San Antonio-New Braunfels",2021,2,179.884640712,0.152271200,190.321245866,0.143080409,184.589929383,0.163530365,168.121080510,0.156806020
"San Antonio-New Braunfels",2021,3,188.101116415,0.184598343,199.429295663,0.175749297,192.258315948,0.183146004,176.689997438,0.191941839
"San Antonio-New Braunfels",2021,4,193.145168513,0.185198990,204.360478156,0.177640547,197.245469645,0.192683053,181.025515269,0.185638804
"San Antonio-New Braunfels",2022,1,203.181334661,0.207324386,213.758294938,0.195749807,207.932389361,0.215159037,190.448834340,0.212651669
"San Antonio-New Braunfels",2022,2,212.928622538,0.183695404,224.652341306,0.180384986,219.978668444,0.191715437,199.341643641,0.185702846
"San Antonio-New Braunfels",2022,3,211.574360149,0.124790560,223.650282462,0.121451498,216.901940226,0.128179757,197.538167718,0.117992928
"San Antonio-New Braunfels",2022,4,208.455084080,0.079266365,224.218654967,0.097172295,211.042819299,0.069950147,193.174053251,0.067109534
"San Antonio-New Braunfels",2023,1,206.972363409,0.018658351,221.689194282,0.037102182,206.848852416,-0.005211006,194.011947364,0.018709030
"Sherman-Denison",2014,1,100.000000000,,,,,,,
"Sherman-Denison",2014,2,106.333124959,,,,,,,
"Sherman-Denison",2014,3,105.494576696,,,,,,,
"Sherman-Denison",2014,4,108.306885642,,,,,,,
"Sherman-Denison",2015,1,110.525856520,0.105258565,,,,,,
"Sherman-Denison",2015,2,113.836338082,0.070563271,,,,,,
"Sherman-Denison",2015,3,116.857819508,0.107713999,,,,,,
"Sherman-Denison",2015,4,120.125974101,0.109125919,,,,,,
"Sherman-Denison",2016,1,123.604880645,0.118334519,,,,,,
"Sherman-Denison",2016,2,125.696454033,0.104185677,,,,,,
"Sherman-Denison",2016,3,131.706144800,0.127063172,,,,,,
"Sherman-Denison",2016,4,129.200285238,0.075539958,,,,,,
"Sherman-Denison",2017,1,129.294752069,0.046032740,,,,,,
"Sherman-Denison",2017,2,135.443492024,0.077544255,,,,,,
"Sherman-Denison",2017,3,141.041568836,0.070880702,,,,,,
"Sherman-Denison",2017,4,140.779052671,0.089618745,,,,,,
"Sherman-Denison",2018,1,145.101155407,0.122250927,,,,,,
"Sherman-Denison",2018,2,148.041881518,0.093015834,,,,,,
"Sherman-Denison",2018,3,151.569204025,0.074642073,,,,,,
"Sherman-Denison",2018,4,149.371511317,0.061035065,,,,,,
"Sherman-Denison",2019,1,148.379983709,0.022596844,,,,,,
"Sherman-Denison",2019,2,155.208578899,0.048409931,,,,,,
"Sherman-Denison",2019,3,156.135469836,0.030126606,,,,,,
"Sherman-Denison",2019,4,158.738276965,0.062707845,,,,,,
"Sherman-Denison",2020,1,163.254202118,0.100244103,,,,,,
"Sherman-Denison",2020,2,163.384863636,0.052679335,,,,,,
"Sherman-Denison",2020,3,167.627579388,0.073603451,,,,,,
"Sherman-Denison",2020,4,169.165791514,0.065689981,,,,,,
"Sherman-Denison",2021,1,175.255910030,0.073515460,,,,,,
"Sherman-Denison",2021,2,189.567318801,0.160250188,,,,,,
"Sherman-Denison",2021,3,201.419742742,0.201590713,,,,,,
"Sherman-Denison",2021,4,211.476766817,0.250115433,,,,,,
"Sherman-Denison",2022,1,221.970805853,0.266552470,,,,,,
"Sherman-Denison",2022,2,239.081175404,0.261194054,,,,,,
"Sherman-Denison",2022,3,234.005481049,0.161780259,,,,,,
"Sherman-Denison",2022,4,232.163212045,0.097818997,,,,,,
"Sherman-Denison",2023,1,234.017600290,0.054271976,,,,,,
